"id","fdc_id","nutrient_id","amount","data_points","derivation_id","min","max","median","footnote","min_year_acquired"
"2219788","321358","1008","229.0","","49","","","","",""
"2219747","321358","1079","5.4","6","1","4.9","5.7","5.5","","2015"
"2219740","321358","1003","7.35","","49","6.2","8.05","7.79","",""
"2219751","321358","1093","438.0","11","1","387.0","489.0","444.0","","2015"
"2219786","321358","1004","17.1","11","1","11.9","19.1","18.2","","2015"
"2219787","321358","1005","14.9","","49","","","","",""
"13338510","321358","2047","243","","1","","","","",""
"13338412","321358","2048","229","","49","","","","",""
"21115511","1750337","2048","38.485","","49","","","","",""
"21115510","1750337","2047","38.485","","49","","","","",""
"21115509","1750337","1005","1.293125","","49","","","","",""
"21115508","1750337","1003","3.546875","","49","3.0","4.6875","3.46875","",""
"21115385","1750337","1004","2.125","8","1","1.86","2.695","2.115","","2020"
"21115312","1750337","1093","34.28","13","1","0.5783","58.5","31.9","","2020"
"21115303","1750337","1079","0.0","8","1","0.0","0.0","0.0","","2020"
